/*
SQLyog Community v12.01 (32 bit)
MySQL - 5.7.21-log : Database - managedb
*********************************************************************
*/

/*!40101 SET NAMES utf8 */;

/*!40101 SET SQL_MODE=''*/;

/*!40014 SET @OLD_UNIQUE_CHECKS=@@UNIQUE_CHECKS, UNIQUE_CHECKS=0 */;
/*!40014 SET @OLD_FOREIGN_KEY_CHECKS=@@FOREIGN_KEY_CHECKS, FOREIGN_KEY_CHECKS=0 */;
/*!40101 SET @OLD_SQL_MODE=@@SQL_MODE, SQL_MODE='NO_AUTO_VALUE_ON_ZERO' */;
/*!40111 SET @OLD_SQL_NOTES=@@SQL_NOTES, SQL_NOTES=0 */;

USE `managedb`;

/*Table structure for table `auth_group` */

DROP TABLE IF EXISTS `auth_group`;

CREATE TABLE `auth_group` (
  `id` int(11) NOT NULL AUTO_INCREMENT,
  `name` varchar(80) NOT NULL,
  PRIMARY KEY (`id`),
  UNIQUE KEY `name` (`name`)
) ENGINE=InnoDB DEFAULT CHARSET=utf8;

/*Data for the table `auth_group` */

/*Table structure for table `auth_group_permissions` */

DROP TABLE IF EXISTS `auth_group_permissions`;

CREATE TABLE `auth_group_permissions` (
  `id` int(11) NOT NULL AUTO_INCREMENT,
  `group_id` int(11) NOT NULL,
  `permission_id` int(11) NOT NULL,
  PRIMARY KEY (`id`),
  UNIQUE KEY `auth_group_permissions_group_id_permission_id_0cd325b0_uniq` (`group_id`,`permission_id`),
  KEY `auth_group_permissio_permission_id_84c5c92e_fk_auth_perm` (`permission_id`),
  CONSTRAINT `auth_group_permissio_permission_id_84c5c92e_fk_auth_perm` FOREIGN KEY (`permission_id`) REFERENCES `auth_permission` (`id`),
  CONSTRAINT `auth_group_permissions_group_id_b120cbf9_fk_auth_group_id` FOREIGN KEY (`group_id`) REFERENCES `auth_group` (`id`)
) ENGINE=InnoDB DEFAULT CHARSET=utf8;

/*Data for the table `auth_group_permissions` */

/*Table structure for table `auth_permission` */

DROP TABLE IF EXISTS `auth_permission`;

CREATE TABLE `auth_permission` (
  `id` int(11) NOT NULL AUTO_INCREMENT,
  `name` varchar(255) NOT NULL,
  `content_type_id` int(11) NOT NULL,
  `codename` varchar(100) NOT NULL,
  PRIMARY KEY (`id`),
  UNIQUE KEY `auth_permission_content_type_id_codename_01ab375a_uniq` (`content_type_id`,`codename`),
  CONSTRAINT `auth_permission_content_type_id_2f476e4b_fk_django_co` FOREIGN KEY (`content_type_id`) REFERENCES `django_content_type` (`id`)
) ENGINE=InnoDB AUTO_INCREMENT=28 DEFAULT CHARSET=utf8;

/*Data for the table `auth_permission` */

insert  into `auth_permission`(`id`,`name`,`content_type_id`,`codename`) values (1,'Can add log entry',1,'add_logentry'),(2,'Can change log entry',1,'change_logentry'),(3,'Can delete log entry',1,'delete_logentry'),(4,'Can add group',2,'add_group'),(5,'Can change group',2,'change_group'),(6,'Can delete group',2,'delete_group'),(7,'Can add permission',3,'add_permission'),(8,'Can change permission',3,'change_permission'),(9,'Can delete permission',3,'delete_permission'),(10,'Can add user',4,'add_user'),(11,'Can change user',4,'change_user'),(12,'Can delete user',4,'delete_user'),(13,'Can add content type',5,'add_contenttype'),(14,'Can change content type',5,'change_contenttype'),(15,'Can delete content type',5,'delete_contenttype'),(16,'Can add session',6,'add_session'),(17,'Can change session',6,'change_session'),(18,'Can delete session',6,'delete_session'),(19,'Can add server',7,'add_server'),(20,'Can change server',7,'change_server'),(21,'Can delete server',7,'delete_server'),(22,'Can add array',8,'add_array'),(23,'Can change array',8,'change_array'),(24,'Can delete array',8,'delete_array'),(25,'Can add lun',9,'add_lun'),(26,'Can change lun',9,'change_lun'),(27,'Can delete lun',9,'delete_lun');

/*Table structure for table `auth_user` */

DROP TABLE IF EXISTS `auth_user`;

CREATE TABLE `auth_user` (
  `id` int(11) NOT NULL AUTO_INCREMENT,
  `password` varchar(128) NOT NULL,
  `last_login` datetime(6) DEFAULT NULL,
  `is_superuser` tinyint(1) NOT NULL,
  `username` varchar(150) NOT NULL,
  `first_name` varchar(30) NOT NULL,
  `last_name` varchar(30) NOT NULL,
  `email` varchar(254) NOT NULL,
  `is_staff` tinyint(1) NOT NULL,
  `is_active` tinyint(1) NOT NULL,
  `date_joined` datetime(6) NOT NULL,
  PRIMARY KEY (`id`),
  UNIQUE KEY `username` (`username`)
) ENGINE=InnoDB DEFAULT CHARSET=utf8;

/*Data for the table `auth_user` */

/*Table structure for table `auth_user_groups` */

DROP TABLE IF EXISTS `auth_user_groups`;

CREATE TABLE `auth_user_groups` (
  `id` int(11) NOT NULL AUTO_INCREMENT,
  `user_id` int(11) NOT NULL,
  `group_id` int(11) NOT NULL,
  PRIMARY KEY (`id`),
  UNIQUE KEY `auth_user_groups_user_id_group_id_94350c0c_uniq` (`user_id`,`group_id`),
  KEY `auth_user_groups_group_id_97559544_fk_auth_group_id` (`group_id`),
  CONSTRAINT `auth_user_groups_group_id_97559544_fk_auth_group_id` FOREIGN KEY (`group_id`) REFERENCES `auth_group` (`id`),
  CONSTRAINT `auth_user_groups_user_id_6a12ed8b_fk_auth_user_id` FOREIGN KEY (`user_id`) REFERENCES `auth_user` (`id`)
) ENGINE=InnoDB DEFAULT CHARSET=utf8;

/*Data for the table `auth_user_groups` */

/*Table structure for table `auth_user_user_permissions` */

DROP TABLE IF EXISTS `auth_user_user_permissions`;

CREATE TABLE `auth_user_user_permissions` (
  `id` int(11) NOT NULL AUTO_INCREMENT,
  `user_id` int(11) NOT NULL,
  `permission_id` int(11) NOT NULL,
  PRIMARY KEY (`id`),
  UNIQUE KEY `auth_user_user_permissions_user_id_permission_id_14a6b632_uniq` (`user_id`,`permission_id`),
  KEY `auth_user_user_permi_permission_id_1fbb5f2c_fk_auth_perm` (`permission_id`),
  CONSTRAINT `auth_user_user_permi_permission_id_1fbb5f2c_fk_auth_perm` FOREIGN KEY (`permission_id`) REFERENCES `auth_permission` (`id`),
  CONSTRAINT `auth_user_user_permissions_user_id_a95ead1b_fk_auth_user_id` FOREIGN KEY (`user_id`) REFERENCES `auth_user` (`id`)
) ENGINE=InnoDB DEFAULT CHARSET=utf8;

/*Data for the table `auth_user_user_permissions` */

/*Table structure for table `django_admin_log` */

DROP TABLE IF EXISTS `django_admin_log`;

CREATE TABLE `django_admin_log` (
  `id` int(11) NOT NULL AUTO_INCREMENT,
  `action_time` datetime(6) NOT NULL,
  `object_id` longtext,
  `object_repr` varchar(200) NOT NULL,
  `action_flag` smallint(5) unsigned NOT NULL,
  `change_message` longtext NOT NULL,
  `content_type_id` int(11) DEFAULT NULL,
  `user_id` int(11) NOT NULL,
  PRIMARY KEY (`id`),
  KEY `django_admin_log_content_type_id_c4bce8eb_fk_django_co` (`content_type_id`),
  KEY `django_admin_log_user_id_c564eba6_fk_auth_user_id` (`user_id`),
  CONSTRAINT `django_admin_log_content_type_id_c4bce8eb_fk_django_co` FOREIGN KEY (`content_type_id`) REFERENCES `django_content_type` (`id`),
  CONSTRAINT `django_admin_log_user_id_c564eba6_fk_auth_user_id` FOREIGN KEY (`user_id`) REFERENCES `auth_user` (`id`)
) ENGINE=InnoDB DEFAULT CHARSET=utf8;

/*Data for the table `django_admin_log` */

/*Table structure for table `django_content_type` */

DROP TABLE IF EXISTS `django_content_type`;

CREATE TABLE `django_content_type` (
  `id` int(11) NOT NULL AUTO_INCREMENT,
  `app_label` varchar(100) NOT NULL,
  `model` varchar(100) NOT NULL,
  PRIMARY KEY (`id`),
  UNIQUE KEY `django_content_type_app_label_model_76bd3d3b_uniq` (`app_label`,`model`)
) ENGINE=InnoDB AUTO_INCREMENT=10 DEFAULT CHARSET=utf8;

/*Data for the table `django_content_type` */

insert  into `django_content_type`(`id`,`app_label`,`model`) values (1,'admin','logentry'),(2,'auth','group'),(3,'auth','permission'),(4,'auth','user'),(5,'contenttypes','contenttype'),(8,'myApp','array'),(9,'myApp','lun'),(7,'myApp','server'),(6,'sessions','session');

/*Table structure for table `django_migrations` */

DROP TABLE IF EXISTS `django_migrations`;

CREATE TABLE `django_migrations` (
  `id` int(11) NOT NULL AUTO_INCREMENT,
  `app` varchar(255) NOT NULL,
  `name` varchar(255) NOT NULL,
  `applied` datetime(6) NOT NULL,
  PRIMARY KEY (`id`)
) ENGINE=InnoDB AUTO_INCREMENT=15 DEFAULT CHARSET=utf8;

/*Data for the table `django_migrations` */

insert  into `django_migrations`(`id`,`app`,`name`,`applied`) values (1,'contenttypes','0001_initial','2018-03-08 02:25:48.310000'),(2,'auth','0001_initial','2018-03-08 02:25:50.323000'),(3,'admin','0001_initial','2018-03-08 02:25:50.744000'),(4,'admin','0002_logentry_remove_auto_add','2018-03-08 02:25:50.775000'),(5,'contenttypes','0002_remove_content_type_name','2018-03-08 02:25:51.243000'),(6,'auth','0002_alter_permission_name_max_length','2018-03-08 02:25:51.415000'),(7,'auth','0003_alter_user_email_max_length','2018-03-08 02:25:51.586000'),(8,'auth','0004_alter_user_username_opts','2018-03-08 02:25:51.633000'),(9,'auth','0005_alter_user_last_login_null','2018-03-08 02:25:51.805000'),(10,'auth','0006_require_contenttypes_0002','2018-03-08 02:25:51.805000'),(11,'auth','0007_alter_validators_add_error_messages','2018-03-08 02:25:51.820000'),(12,'auth','0008_alter_user_username_max_length','2018-03-08 02:25:52.070000'),(13,'myApp','0001_initial','2018-03-08 02:25:53.770000'),(14,'sessions','0001_initial','2018-03-08 02:25:53.895000');

/*Table structure for table `django_session` */

DROP TABLE IF EXISTS `django_session`;

CREATE TABLE `django_session` (
  `session_key` varchar(40) NOT NULL,
  `session_data` longtext NOT NULL,
  `expire_date` datetime(6) NOT NULL,
  PRIMARY KEY (`session_key`),
  KEY `django_session_expire_date_a5c62663` (`expire_date`)
) ENGINE=InnoDB DEFAULT CHARSET=utf8;

/*Data for the table `django_session` */

/*Table structure for table `myapp_array` */

DROP TABLE IF EXISTS `myapp_array`;

CREATE TABLE `myapp_array` (
  `id` int(11) NOT NULL AUTO_INCREMENT,
  `array_id` varchar(50) NOT NULL,
  `array_name` varchar(20) NOT NULL,
  `location` varchar(20) NOT NULL,
  `array_ip` varchar(20) NOT NULL,
  `PRODUCTVERSION` varchar(50) NOT NULL,
  `patchVersion` varchar(20) NOT NULL,
  `TOTALCAPACITY` int(11) NOT NULL,
  `FREEDISKSCAPACITY` int(11) NOT NULL,
  `STORAGEPOOLCAPACITY` int(11) NOT NULL,
  `STORAGEPOOLFREECAPACITY` int(11) NOT NULL,
  PRIMARY KEY (`id`)
) ENGINE=InnoDB AUTO_INCREMENT=20 DEFAULT CHARSET=utf8;

/*Data for the table `myapp_array` */

insert  into `myapp_array`(`id`,`array_id`,`array_name`,`location`,`array_ip`,`PRODUCTVERSION`,`patchVersion`,`TOTALCAPACITY`,`FREEDISKSCAPACITY`,`STORAGEPOOLCAPACITY`,`STORAGEPOOLFREECAPACITY`) values (14,'2102350BVB10H8000046','5300_2','主机房','93.1.243.31','V300R003C10','SPC100 SPH110',125743,81999,18516,1265),(15,'2102350HYS10H8000042','5500_2','主机房','93.1.243.25','V300R003C10','SPC100 SPH110',124628,46723,50232,7461),(16,'2102350DJX10G8000002','5500','主机房','93.1.243.63','V300R003C00','SPC100 SPH101',128411,34410,68708,4564),(17,'2102350DJX10G8000002','5500','主机房','93.1.243.63','V300R003C00','SPC100 SPH101',128411,34410,68708,4564),(18,'2102350BVB10F6000042','5300','主机房','93.1.243.61','V300R002C10','SPC200 SPH205 SPH202',153298,7380,99289,489),(19,'2102350BVB10F6000041','5300','同城机房','93.225.115.54','V300R002C10','SPC200 SPH205',91794,0,73915,224);

/*Table structure for table `myapp_lun` */

DROP TABLE IF EXISTS `myapp_lun`;

CREATE TABLE `myapp_lun` (
  `id` int(11) NOT NULL AUTO_INCREMENT,
  `lun_ID` varchar(50) NOT NULL,
  `lun_NAME` varchar(30) NOT NULL,
  `lun_CAPACITY` bigint(255) NOT NULL,
  `lun_WWN` varchar(1000) NOT NULL,
  `server_ID_id` int(11) NOT NULL,
  PRIMARY KEY (`id`),
  KEY `myApp_lun_server_ID_id_e3c05638_fk_myApp_server_id` (`server_ID_id`),
  CONSTRAINT `myApp_lun_server_ID_id_e3c05638_fk_myApp_server_id` FOREIGN KEY (`server_ID_id`) REFERENCES `myapp_server` (`id`)
) ENGINE=InnoDB AUTO_INCREMENT=1107 DEFAULT CHARSET=utf8;

/*Data for the table `myapp_lun` */

insert  into `myapp_lun`(`id`,`lun_ID`,`lun_NAME`,`lun_CAPACITY`,`lun_WWN`,`server_ID_id`) values (554,'1','BCMS_LUN001',6499205120,'61430041007df76b46a1f75b00000001',164),(555,'7','test_lun',2097152,'61430041007df76bcd5420e600000007',165),(556,'0','DSM_LUN001',5450891264,'61430041007df76b469ee7aa00000000',165),(557,'2','PCM_LUN001',8587444224,'61430041007df76b5a1ec27300000002',166),(558,'3','PTAS_LUN001',10734272512,'61430041007df76b5a1ed7b600000003',167),(559,'5','psdfhdlgjjdb001',209715200,'61430041007df76bcb45d52c00000005',168),(560,'6','psdfhappfastd01_2',1258291200,'61430041007df76bcb49166800000006',169),(561,'4','psdfhappfastd01_1',3422552064,'61430041007df76bcb48e3b600000004',169),(562,'0','BIFS_STB',1467351040,'61430041007df76528f8f8e400000000',170),(563,'19','C2P01_LUN0001',4294967296,'61430041007df765b02fd31500000013',171),(564,'18','C2P01_LUN0000',4294967296,'61430041007df765b02fd2d500000012',171),(565,'12','S1P03_LUN0001',4294967296,'61430041007df7655a25a2420000000c',173),(566,'11','S1P03_LUN0000',4294967296,'61430041007df7655a25a2040000000b',173),(567,'12','S1P03_LUN0001',4294967296,'61430041007df7655a25a2420000000c',174),(568,'11','S1P03_LUN0000',4294967296,'61430041007df7655a25a2040000000b',174),(569,'12','S1P03_LUN0001',4294967296,'61430041007df7655a25a2420000000c',175),(570,'11','S1P03_LUN0000',4294967296,'61430041007df7655a25a2040000000b',175),(571,'21','C2P02_LUN0001',4294967296,'61430041007df765b02fe42b00000015',176),(572,'20','C2P02_LUN0000',4294967296,'61430041007df765b02fe3ee00000014',176),(573,'4','C2P03_LUN0002',4294967296,'61430041007df7653476279400000004',177),(574,'3','C2P03_LUN0001',4294967296,'61430041007df7653476276000000003',177),(575,'2','C2P03_LUN0000',4294967296,'61430041007df7653476270f00000002',177),(576,'4','C2P03_LUN0002',4294967296,'61430041007df7653476279400000004',178),(577,'3','C2P03_LUN0001',4294967296,'61430041007df7653476276000000003',178),(578,'2','C2P03_LUN0000',4294967296,'61430041007df7653476270f00000002',178),(579,'17','C1P01_LUN001',4294967296,'61430041007df765b02fb3c000000011',179),(580,'14','C1P01_LUN0001',4294967296,'61430041007df7655a2cd55a0000000e',179),(581,'13','C1P01_LUN0000',4294967296,'61430041007df7655a2cd4030000000d',179),(582,'4','C2P03_LUN0002',4294967296,'61430041007df7653476279400000004',180),(583,'3','C2P03_LUN0001',4294967296,'61430041007df7653476276000000003',180),(584,'2','C2P03_LUN0000',4294967296,'61430041007df7653476270f00000002',180),(585,'21','C2P02_LUN0001',4294967296,'61430041007df765b02fe42b00000015',181),(586,'20','C2P02_LUN0000',4294967296,'61430041007df765b02fe3ee00000014',181),(587,'21','C2P02_LUN0001',4294967296,'61430041007df765b02fe42b00000015',182),(588,'20','C2P02_LUN0000',4294967296,'61430041007df765b02fe3ee00000014',182),(589,'21','C2P02_LUN0001',4294967296,'61430041007df765b02fe42b00000015',183),(590,'20','C2P02_LUN0000',4294967296,'61430041007df765b02fe3ee00000014',183),(591,'21','C2P02_LUN0001',4294967296,'61430041007df765b02fe42b00000015',184),(592,'20','C2P02_LUN0000',4294967296,'61430041007df765b02fe3ee00000014',184),(593,'21','C2P02_LUN0001',4294967296,'61430041007df765b02fe42b00000015',185),(594,'20','C2P02_LUN0000',4294967296,'61430041007df765b02fe3ee00000014',185),(595,'21','C2P02_LUN0001',4294967296,'61430041007df765b02fe42b00000015',186),(596,'20','C2P02_LUN0000',4294967296,'61430041007df765b02fe3ee00000014',186),(597,'17','C1P01_LUN001',4294967296,'61430041007df765b02fb3c000000011',187),(598,'14','C1P01_LUN0001',4294967296,'61430041007df7655a2cd55a0000000e',187),(599,'13','C1P01_LUN0000',4294967296,'61430041007df7655a2cd4030000000d',187),(600,'19','C2P01_LUN0001',4294967296,'61430041007df765b02fd31500000013',188),(601,'18','C2P01_LUN0000',4294967296,'61430041007df765b02fd2d500000012',188),(602,'19','C2P01_LUN0001',4294967296,'61430041007df765b02fd31500000013',189),(603,'18','C2P01_LUN0000',4294967296,'61430041007df765b02fd2d500000012',189),(604,'17','C1P01_LUN001',4294967296,'61430041007df765b02fb3c000000011',190),(605,'14','C1P01_LUN0001',4294967296,'61430041007df7655a2cd55a0000000e',190),(606,'13','C1P01_LUN0000',4294967296,'61430041007df7655a2cd4030000000d',190),(607,'17','C1P01_LUN001',4294967296,'61430041007df765b02fb3c000000011',191),(608,'14','C1P01_LUN0001',4294967296,'61430041007df7655a2cd55a0000000e',191),(609,'13','C1P01_LUN0000',4294967296,'61430041007df7655a2cd4030000000d',191),(610,'17','C1P01_LUN001',4294967296,'61430041007df765b02fb3c000000011',192),(611,'14','C1P01_LUN0001',4294967296,'61430041007df7655a2cd55a0000000e',192),(612,'13','C1P01_LUN0000',4294967296,'61430041007df7655a2cd4030000000d',192),(613,'17','C1P01_LUN001',4294967296,'61430041007df765b02fb3c000000011',193),(614,'14','C1P01_LUN0001',4294967296,'61430041007df7655a2cd55a0000000e',193),(615,'13','C1P01_LUN0000',4294967296,'61430041007df7655a2cd4030000000d',193),(616,'19','C2P01_LUN0001',4294967296,'61430041007df765b02fd31500000013',194),(617,'18','C2P01_LUN0000',4294967296,'61430041007df765b02fd2d500000012',194),(618,'19','C2P01_LUN0001',4294967296,'61430041007df765b02fd31500000013',195),(619,'18','C2P01_LUN0000',4294967296,'61430041007df765b02fd2d500000012',195),(620,'8','C1P02_LUN0003',4294967296,'61430041007df7653475fc5300000008',196),(621,'7','C1P02_LUN0002',4294967296,'61430041007df7653475fbc000000007',196),(622,'6','C1P02_LUN0001',4294967296,'61430041007df7653475fb9000000006',196),(623,'5','C1P02_LUN0000',4294967296,'61430041007df7653475fa1e00000005',196),(624,'8','C1P02_LUN0003',4294967296,'61430041007df7653475fc5300000008',197),(625,'7','C1P02_LUN0002',4294967296,'61430041007df7653475fbc000000007',197),(626,'6','C1P02_LUN0001',4294967296,'61430041007df7653475fb9000000006',197),(627,'5','C1P02_LUN0000',4294967296,'61430041007df7653475fa1e00000005',197),(628,'5','C1P02_LUN0000',4294967296,'61430041007df7653475fa1e00000005',198),(629,'6','C1P02_LUN0001',4294967296,'61430041007df7653475fb9000000006',198),(630,'7','C1P02_LUN0002',4294967296,'61430041007df7653475fbc000000007',198),(631,'8','C1P02_LUN0003',4294967296,'61430041007df7653475fc5300000008',198),(632,'2','C2P03_LUN0000',4294967296,'61430041007df7653476270f00000002',199),(633,'3','C2P03_LUN0001',4294967296,'61430041007df7653476276000000003',199),(634,'4','C2P03_LUN0002',4294967296,'61430041007df7653476279400000004',199),(635,'8','C1P02_LUN0003',4294967296,'61430041007df7653475fc5300000008',200),(636,'7','C1P02_LUN0002',4294967296,'61430041007df7653475fbc000000007',200),(637,'6','C1P02_LUN0001',4294967296,'61430041007df7653475fb9000000006',200),(638,'5','C1P02_LUN0000',4294967296,'61430041007df7653475fa1e00000005',200),(639,'8','C1P02_LUN0003',4294967296,'61430041007df7653475fc5300000008',201),(640,'7','C1P02_LUN0002',4294967296,'61430041007df7653475fbc000000007',201),(641,'6','C1P02_LUN0001',4294967296,'61430041007df7653475fb9000000006',201),(642,'5','C1P02_LUN0000',4294967296,'61430041007df7653475fa1e00000005',201),(643,'8','C1P02_LUN0003',4294967296,'61430041007df7653475fc5300000008',202),(644,'7','C1P02_LUN0002',4294967296,'61430041007df7653475fbc000000007',202),(645,'6','C1P02_LUN0001',4294967296,'61430041007df7653475fb9000000006',202),(646,'5','C1P02_LUN0000',4294967296,'61430041007df7653475fa1e00000005',202),(647,'8','C1P02_LUN0003',4294967296,'61430041007df7653475fc5300000008',203),(648,'7','C1P02_LUN0002',4294967296,'61430041007df7653475fbc000000007',203),(649,'6','C1P02_LUN0001',4294967296,'61430041007df7653475fb9000000006',203),(650,'5','C1P02_LUN0000',4294967296,'61430041007df7653475fa1e00000005',203),(651,'8','C1P02_LUN0003',4294967296,'61430041007df7653475fc5300000008',204),(652,'7','C1P02_LUN0002',4294967296,'61430041007df7653475fbc000000007',204),(653,'6','C1P02_LUN0001',4294967296,'61430041007df7653475fb9000000006',204),(654,'5','C1P02_LUN0000',4294967296,'61430041007df7653475fa1e00000005',204),(655,'4','C2P03_LUN0002',4294967296,'61430041007df7653476279400000004',205),(656,'3','C2P03_LUN0001',4294967296,'61430041007df7653476276000000003',205),(657,'2','C2P03_LUN0000',4294967296,'61430041007df7653476270f00000002',205),(658,'4','C2P03_LUN0002',4294967296,'61430041007df7653476279400000004',206),(659,'3','C2P03_LUN0001',4294967296,'61430041007df7653476276000000003',206),(660,'2','C2P03_LUN0000',4294967296,'61430041007df7653476270f00000002',206),(661,'4','C2P03_LUN0002',4294967296,'61430041007df7653476279400000004',207),(662,'3','C2P03_LUN0001',4294967296,'61430041007df7653476276000000003',207),(663,'2','C2P03_LUN0000',4294967296,'61430041007df7653476270f00000002',207),(664,'4','C2P03_LUN0002',4294967296,'61430041007df7653476279400000004',208),(665,'3','C2P03_LUN0001',4294967296,'61430041007df7653476276000000003',208),(666,'2','C2P03_LUN0000',4294967296,'61430041007df7653476270f00000002',208),(667,'15','psdfhcbrsdbs002_LUN003',4293525504,'61430041007df7656a6ed5c90000000f',209),(668,'10','psdfhcbrsdbs002_LUN002',2146566144,'61430041007df7654d218f640000000a',209),(669,'1','psdfhcbrsdbs002_LUN001',2305949696,'61430041007df7652f5a044c00000001',209),(670,'9','CBRS001_LUN001',4293525504,'61430041007df7654d13003d00000009',210),(671,'11','S1P03_LUN0000',4294967296,'61430041007df7655a25a2040000000b',211),(672,'12','S1P03_LUN0001',4294967296,'61430041007df7655a25a2420000000c',211),(673,'16','UDS_LUN001',6440484864,'61430041007df76582f93b9400000010',212),(674,'18','cosp_0003',629145600,'6244427100e570121f24416800000012',213),(675,'4','cosp_log',419430400,'6244427100e5701267e643cd00000004',213),(676,'3','cosp_data',1677721600,'6244427100e5701267e62f3800000003',213),(677,'2','cosp_0002',4194304,'6244427100e5701267e6202900000002',213),(678,'1','cosp_0001',4194304,'6244427100e5701267e61fda00000001',213),(679,'0','cosp_0000',4194304,'6244427100e5701267e61fa700000000',213),(680,'23','C2P01_lun001',4294967296,'6244427100e570124045cd4c00000017',214),(681,'24','C2P01_lun002',4294967296,'6244427100e570124045d9c200000018',214),(682,'25','C2P01_lun003',4294967296,'6244427100e570127693ee0300000019',214),(683,'26','C2P01_lun004',4294967296,'6244427100e570127693fab90000001a',214),(684,'5','esx_s1p03_lun',3221225472,'6244427100e57012953f7d0100000005',216),(685,'5','esx_s1p03_lun',3221225472,'6244427100e57012953f7d0100000005',217),(686,'5','esx_s1p03_lun',3221225472,'6244427100e57012953f7d0100000005',218),(687,'28','c2p02_lun_0005',4294967296,'6244427100e5701276a1b6570000001c',219),(688,'27','c2p02_lun_0004',4294967296,'6244427100e5701276a1aa9e0000001b',219),(689,'9','c2p02_lun_0003',4080218931,'6244427100e57012c1ff2ac300000009',219),(690,'8','c2p02_lun_0002',4080218931,'6244427100e57012c1ff2a8400000008',219),(691,'7','c2p02_lun_0001',4080218931,'6244427100e57012c1ff2a5f00000007',219),(692,'6','c2p02_lun_0000',4080218931,'6244427100e57012c1ff2a1f00000006',219),(693,'22','c2p03_lun0003',4294967296,'6244427100e57012257e9a0c00000016',220),(694,'20','c2p03_lun_0002',4294967296,'6244427100e570121f27003d00000014',220),(695,'11','C2P03_lun_0001',4080218931,'6244427100e57012c1ff469e0000000b',220),(696,'10','C2P03_lun_0000',4080218931,'6244427100e57012c1ff46650000000a',220),(697,'22','c2p03_lun0003',4294967296,'6244427100e57012257e9a0c00000016',221),(698,'20','c2p03_lun_0002',4294967296,'6244427100e570121f27003d00000014',221),(699,'11','C2P03_lun_0001',4080218931,'6244427100e57012c1ff469e0000000b',221),(700,'10','C2P03_lun_0000',4080218931,'6244427100e57012c1ff46650000000a',221),(701,'35','c1p01_lun0005',4294967296,'6244427100e5701240d1f70900000023',222),(702,'34','c1p01_lun0004',4294967296,'6244427100e5701240d1e8e000000022',222),(703,'12','c1p01_lun0000',4294967296,'6244427100e57012d860cb900000000c',222),(704,'13','c1p01_lun0001',4294967296,'6244427100e57012d860cbb40000000d',222),(705,'19','C1P01_lun0002',4294967296,'6244427100e570121f26dc8d00000013',222),(706,'21','c1p01_lun0003',4294967296,'6244427100e57012257e7ae800000015',222),(707,'22','c2p03_lun0003',4294967296,'6244427100e57012257e9a0c00000016',223),(708,'20','c2p03_lun_0002',4294967296,'6244427100e570121f27003d00000014',223),(709,'11','C2P03_lun_0001',4080218931,'6244427100e57012c1ff469e0000000b',223),(710,'10','C2P03_lun_0000',4080218931,'6244427100e57012c1ff46650000000a',223),(711,'28','c2p02_lun_0005',4294967296,'6244427100e5701276a1b6570000001c',224),(712,'27','c2p02_lun_0004',4294967296,'6244427100e5701276a1aa9e0000001b',224),(713,'9','c2p02_lun_0003',4080218931,'6244427100e57012c1ff2ac300000009',224),(714,'8','c2p02_lun_0002',4080218931,'6244427100e57012c1ff2a8400000008',224),(715,'7','c2p02_lun_0001',4080218931,'6244427100e57012c1ff2a5f00000007',224),(716,'6','c2p02_lun_0000',4080218931,'6244427100e57012c1ff2a1f00000006',224),(717,'28','c2p02_lun_0005',4294967296,'6244427100e5701276a1b6570000001c',225),(718,'27','c2p02_lun_0004',4294967296,'6244427100e5701276a1aa9e0000001b',225),(719,'9','c2p02_lun_0003',4080218931,'6244427100e57012c1ff2ac300000009',225),(720,'8','c2p02_lun_0002',4080218931,'6244427100e57012c1ff2a8400000008',225),(721,'7','c2p02_lun_0001',4080218931,'6244427100e57012c1ff2a5f00000007',225),(722,'6','c2p02_lun_0000',4080218931,'6244427100e57012c1ff2a1f00000006',225),(723,'28','c2p02_lun_0005',4294967296,'6244427100e5701276a1b6570000001c',226),(724,'27','c2p02_lun_0004',4294967296,'6244427100e5701276a1aa9e0000001b',226),(725,'9','c2p02_lun_0003',4080218931,'6244427100e57012c1ff2ac300000009',226),(726,'8','c2p02_lun_0002',4080218931,'6244427100e57012c1ff2a8400000008',226),(727,'7','c2p02_lun_0001',4080218931,'6244427100e57012c1ff2a5f00000007',226),(728,'6','c2p02_lun_0000',4080218931,'6244427100e57012c1ff2a1f00000006',226),(729,'28','c2p02_lun_0005',4294967296,'6244427100e5701276a1b6570000001c',227),(730,'27','c2p02_lun_0004',4294967296,'6244427100e5701276a1aa9e0000001b',227),(731,'9','c2p02_lun_0003',4080218931,'6244427100e57012c1ff2ac300000009',227),(732,'8','c2p02_lun_0002',4080218931,'6244427100e57012c1ff2a8400000008',227),(733,'7','c2p02_lun_0001',4080218931,'6244427100e57012c1ff2a5f00000007',227),(734,'6','c2p02_lun_0000',4080218931,'6244427100e57012c1ff2a1f00000006',227),(735,'28','c2p02_lun_0005',4294967296,'6244427100e5701276a1b6570000001c',228),(736,'27','c2p02_lun_0004',4294967296,'6244427100e5701276a1aa9e0000001b',228),(737,'9','c2p02_lun_0003',4080218931,'6244427100e57012c1ff2ac300000009',228),(738,'8','c2p02_lun_0002',4080218931,'6244427100e57012c1ff2a8400000008',228),(739,'7','c2p02_lun_0001',4080218931,'6244427100e57012c1ff2a5f00000007',228),(740,'6','c2p02_lun_0000',4080218931,'6244427100e57012c1ff2a1f00000006',228),(741,'28','c2p02_lun_0005',4294967296,'6244427100e5701276a1b6570000001c',229),(742,'27','c2p02_lun_0004',4294967296,'6244427100e5701276a1aa9e0000001b',229),(743,'9','c2p02_lun_0003',4080218931,'6244427100e57012c1ff2ac300000009',229),(744,'8','c2p02_lun_0002',4080218931,'6244427100e57012c1ff2a8400000008',229),(745,'7','c2p02_lun_0001',4080218931,'6244427100e57012c1ff2a5f00000007',229),(746,'6','c2p02_lun_0000',4080218931,'6244427100e57012c1ff2a1f00000006',229),(747,'35','c1p01_lun0005',4294967296,'6244427100e5701240d1f70900000023',230),(748,'34','c1p01_lun0004',4294967296,'6244427100e5701240d1e8e000000022',230),(749,'21','c1p01_lun0003',4294967296,'6244427100e57012257e7ae800000015',230),(750,'19','C1P01_lun0002',4294967296,'6244427100e570121f26dc8d00000013',230),(751,'13','c1p01_lun0001',4294967296,'6244427100e57012d860cbb40000000d',230),(752,'12','c1p01_lun0000',4294967296,'6244427100e57012d860cb900000000c',230),(753,'26','C2P01_lun004',4294967296,'6244427100e570127693fab90000001a',231),(754,'25','C2P01_lun003',4294967296,'6244427100e570127693ee0300000019',231),(755,'24','C2P01_lun002',4294967296,'6244427100e570124045d9c200000018',231),(756,'23','C2P01_lun001',4294967296,'6244427100e570124045cd4c00000017',231),(757,'26','C2P01_lun004',4294967296,'6244427100e570127693fab90000001a',232),(758,'25','C2P01_lun003',4294967296,'6244427100e570127693ee0300000019',232),(759,'24','C2P01_lun002',4294967296,'6244427100e570124045d9c200000018',232),(760,'23','C2P01_lun001',4294967296,'6244427100e570124045cd4c00000017',232),(761,'35','c1p01_lun0005',4294967296,'6244427100e5701240d1f70900000023',233),(762,'34','c1p01_lun0004',4294967296,'6244427100e5701240d1e8e000000022',233),(763,'21','c1p01_lun0003',4294967296,'6244427100e57012257e7ae800000015',233),(764,'19','C1P01_lun0002',4294967296,'6244427100e570121f26dc8d00000013',233),(765,'13','c1p01_lun0001',4294967296,'6244427100e57012d860cbb40000000d',233),(766,'12','c1p01_lun0000',4294967296,'6244427100e57012d860cb900000000c',233),(767,'35','c1p01_lun0005',4294967296,'6244427100e5701240d1f70900000023',234),(768,'34','c1p01_lun0004',4294967296,'6244427100e5701240d1e8e000000022',234),(769,'21','c1p01_lun0003',4294967296,'6244427100e57012257e7ae800000015',234),(770,'19','C1P01_lun0002',4294967296,'6244427100e570121f26dc8d00000013',234),(771,'13','c1p01_lun0001',4294967296,'6244427100e57012d860cbb40000000d',234),(772,'12','c1p01_lun0000',4294967296,'6244427100e57012d860cb900000000c',234),(773,'35','c1p01_lun0005',4294967296,'6244427100e5701240d1f70900000023',235),(774,'34','c1p01_lun0004',4294967296,'6244427100e5701240d1e8e000000022',235),(775,'21','c1p01_lun0003',4294967296,'6244427100e57012257e7ae800000015',235),(776,'19','C1P01_lun0002',4294967296,'6244427100e570121f26dc8d00000013',235),(777,'13','c1p01_lun0001',4294967296,'6244427100e57012d860cbb40000000d',235),(778,'12','c1p01_lun0000',4294967296,'6244427100e57012d860cb900000000c',235),(779,'35','c1p01_lun0005',4294967296,'6244427100e5701240d1f70900000023',236),(780,'34','c1p01_lun0004',4294967296,'6244427100e5701240d1e8e000000022',236),(781,'21','c1p01_lun0003',4294967296,'6244427100e57012257e7ae800000015',236),(782,'19','C1P01_lun0002',4294967296,'6244427100e570121f26dc8d00000013',236),(783,'13','c1p01_lun0001',4294967296,'6244427100e57012d860cbb40000000d',236),(784,'12','c1p01_lun0000',4294967296,'6244427100e57012d860cb900000000c',236),(785,'26','C2P01_lun004',4294967296,'6244427100e570127693fab90000001a',237),(786,'25','C2P01_lun003',4294967296,'6244427100e570127693ee0300000019',237),(787,'24','C2P01_lun002',4294967296,'6244427100e570124045d9c200000018',237),(788,'23','C2P01_lun001',4294967296,'6244427100e570124045cd4c00000017',237),(789,'26','C2P01_lun004',4294967296,'6244427100e570127693fab90000001a',238),(790,'25','C2P01_lun003',4294967296,'6244427100e570127693ee0300000019',238),(791,'24','C2P01_lun002',4294967296,'6244427100e570124045d9c200000018',238),(792,'23','C2P01_lun001',4294967296,'6244427100e570124045cd4c00000017',238),(793,'17','c1p02_HP_lun0003',4294967296,'6244427100e570120a3d666f00000011',239),(794,'16','c1p02_HP_lun0002',4294967296,'6244427100e570120a3d664c00000010',239),(795,'15','c1p02_HP_lun0001',4294967296,'6244427100e570120a3d660b0000000f',239),(796,'14','c1p02_HP_lun0000',4294967296,'6244427100e570120a3d65e80000000e',239),(797,'17','c1p02_HP_lun0003',4294967296,'6244427100e570120a3d666f00000011',240),(798,'16','c1p02_HP_lun0002',4294967296,'6244427100e570120a3d664c00000010',240),(799,'15','c1p02_HP_lun0001',4294967296,'6244427100e570120a3d660b0000000f',240),(800,'14','c1p02_HP_lun0000',4294967296,'6244427100e570120a3d65e80000000e',240),(801,'14','c1p02_HP_lun0000',4294967296,'6244427100e570120a3d65e80000000e',241),(802,'15','c1p02_HP_lun0001',4294967296,'6244427100e570120a3d660b0000000f',241),(803,'16','c1p02_HP_lun0002',4294967296,'6244427100e570120a3d664c00000010',241),(804,'17','c1p02_HP_lun0003',4294967296,'6244427100e570120a3d666f00000011',241),(805,'10','C2P03_lun_0000',4080218931,'6244427100e57012c1ff46650000000a',242),(806,'11','C2P03_lun_0001',4080218931,'6244427100e57012c1ff469e0000000b',242),(807,'20','c2p03_lun_0002',4294967296,'6244427100e570121f27003d00000014',242),(808,'22','c2p03_lun0003',4294967296,'6244427100e57012257e9a0c00000016',242),(809,'17','c1p02_HP_lun0003',4294967296,'6244427100e570120a3d666f00000011',243),(810,'16','c1p02_HP_lun0002',4294967296,'6244427100e570120a3d664c00000010',243),(811,'15','c1p02_HP_lun0001',4294967296,'6244427100e570120a3d660b0000000f',243),(812,'14','c1p02_HP_lun0000',4294967296,'6244427100e570120a3d65e80000000e',243),(813,'29','TMS_0000',4305872486,'6244427100e57012855c07c80000001d',244),(814,'30','psdfhczzfndb101_lun01',6440484864,'6244427100e57012d9e863aa0000001e',245),(815,'33','LUN001_CZZF',4293525504,'6244427100e57012b06df29300000021',246),(816,'31','PSDFHEAP0GAPP1_lun',6440484864,'6244427100e57012dc17d0ad0000001f',247),(817,'10','C2P03_lun_0000',4080218931,'6244427100e57012c1ff46650000000a',248),(818,'11','C2P03_lun_0001',4080218931,'6244427100e57012c1ff469e0000000b',248),(819,'20','c2p03_lun_0002',4294967296,'6244427100e570121f27003d00000014',248),(820,'22','c2p03_lun0003',4294967296,'6244427100e57012257e9a0c00000016',248),(821,'10','C2P03_lun_0000',4080218931,'6244427100e57012c1ff46650000000a',249),(822,'11','C2P03_lun_0001',4080218931,'6244427100e57012c1ff469e0000000b',249),(823,'20','c2p03_lun_0002',4294967296,'6244427100e570121f27003d00000014',249),(824,'22','c2p03_lun0003',4294967296,'6244427100e57012257e9a0c00000016',249),(825,'10','C2P03_lun_0000',4080218931,'6244427100e57012c1ff46650000000a',250),(826,'11','C2P03_lun_0001',4080218931,'6244427100e57012c1ff469e0000000b',250),(827,'20','c2p03_lun_0002',4294967296,'6244427100e570121f27003d00000014',250),(828,'22','c2p03_lun0003',4294967296,'6244427100e57012257e9a0c00000016',250),(829,'10','C2P03_lun_0000',4080218931,'6244427100e57012c1ff46650000000a',251),(830,'11','C2P03_lun_0001',4080218931,'6244427100e57012c1ff469e0000000b',251),(831,'20','c2p03_lun_0002',4294967296,'6244427100e570121f27003d00000014',251),(832,'22','c2p03_lun0003',4294967296,'6244427100e57012257e9a0c00000016',251),(833,'14','c1p02_HP_lun0000',4294967296,'6244427100e570120a3d65e80000000e',252),(834,'15','c1p02_HP_lun0001',4294967296,'6244427100e570120a3d660b0000000f',252),(835,'16','c1p02_HP_lun0002',4294967296,'6244427100e570120a3d664c00000010',252),(836,'17','c1p02_HP_lun0003',4294967296,'6244427100e570120a3d666f00000011',252),(837,'14','c1p02_HP_lun0000',4294967296,'6244427100e570120a3d65e80000000e',253),(838,'15','c1p02_HP_lun0001',4294967296,'6244427100e570120a3d660b0000000f',253),(839,'16','c1p02_HP_lun0002',4294967296,'6244427100e570120a3d664c00000010',253),(840,'17','c1p02_HP_lun0003',4294967296,'6244427100e570120a3d666f00000011',253),(841,'14','c1p02_HP_lun0000',4294967296,'6244427100e570120a3d65e80000000e',254),(842,'15','c1p02_HP_lun0001',4294967296,'6244427100e570120a3d660b0000000f',254),(843,'16','c1p02_HP_lun0002',4294967296,'6244427100e570120a3d664c00000010',254),(844,'17','c1p02_HP_lun0003',4294967296,'6244427100e570120a3d666f00000011',254),(845,'14','c1p02_HP_lun0000',4294967296,'6244427100e570120a3d65e80000000e',255),(846,'15','c1p02_HP_lun0001',4294967296,'6244427100e570120a3d660b0000000f',255),(847,'16','c1p02_HP_lun0002',4294967296,'6244427100e570120a3d664c00000010',255),(848,'17','c1p02_HP_lun0003',4294967296,'6244427100e570120a3d666f00000011',255),(849,'5','esx_s1p03_lun',3221225472,'6244427100e57012953f7d0100000005',256),(850,'32','DSM_LUN001',5241176064,'6244427100e5701230e92e6400000020',257),(851,'18','cosp_0003',629145600,'6244427100e570121f24416800000012',258),(852,'4','cosp_log',419430400,'6244427100e5701267e643cd00000004',258),(853,'3','cosp_data',1677721600,'6244427100e5701267e62f3800000003',258),(854,'2','cosp_0002',4194304,'6244427100e5701267e6202900000002',258),(855,'1','cosp_0001',4194304,'6244427100e5701267e61fda00000001',258),(856,'0','cosp_0000',4194304,'6244427100e5701267e61fa700000000',258),(857,'23','C2P01_lun001',4294967296,'6244427100e570124045cd4c00000017',259),(858,'24','C2P01_lun002',4294967296,'6244427100e570124045d9c200000018',259),(859,'25','C2P01_lun003',4294967296,'6244427100e570127693ee0300000019',259),(860,'26','C2P01_lun004',4294967296,'6244427100e570127693fab90000001a',259),(861,'5','esx_s1p03_lun',3221225472,'6244427100e57012953f7d0100000005',261),(862,'5','esx_s1p03_lun',3221225472,'6244427100e57012953f7d0100000005',262),(863,'5','esx_s1p03_lun',3221225472,'6244427100e57012953f7d0100000005',263),(864,'28','c2p02_lun_0005',4294967296,'6244427100e5701276a1b6570000001c',264),(865,'27','c2p02_lun_0004',4294967296,'6244427100e5701276a1aa9e0000001b',264),(866,'9','c2p02_lun_0003',4080218931,'6244427100e57012c1ff2ac300000009',264),(867,'8','c2p02_lun_0002',4080218931,'6244427100e57012c1ff2a8400000008',264),(868,'7','c2p02_lun_0001',4080218931,'6244427100e57012c1ff2a5f00000007',264),(869,'6','c2p02_lun_0000',4080218931,'6244427100e57012c1ff2a1f00000006',264),(870,'22','c2p03_lun0003',4294967296,'6244427100e57012257e9a0c00000016',265),(871,'20','c2p03_lun_0002',4294967296,'6244427100e570121f27003d00000014',265),(872,'11','C2P03_lun_0001',4080218931,'6244427100e57012c1ff469e0000000b',265),(873,'10','C2P03_lun_0000',4080218931,'6244427100e57012c1ff46650000000a',265),(874,'22','c2p03_lun0003',4294967296,'6244427100e57012257e9a0c00000016',266),(875,'20','c2p03_lun_0002',4294967296,'6244427100e570121f27003d00000014',266),(876,'11','C2P03_lun_0001',4080218931,'6244427100e57012c1ff469e0000000b',266),(877,'10','C2P03_lun_0000',4080218931,'6244427100e57012c1ff46650000000a',266),(878,'35','c1p01_lun0005',4294967296,'6244427100e5701240d1f70900000023',267),(879,'34','c1p01_lun0004',4294967296,'6244427100e5701240d1e8e000000022',267),(880,'12','c1p01_lun0000',4294967296,'6244427100e57012d860cb900000000c',267),(881,'13','c1p01_lun0001',4294967296,'6244427100e57012d860cbb40000000d',267),(882,'19','C1P01_lun0002',4294967296,'6244427100e570121f26dc8d00000013',267),(883,'21','c1p01_lun0003',4294967296,'6244427100e57012257e7ae800000015',267),(884,'22','c2p03_lun0003',4294967296,'6244427100e57012257e9a0c00000016',268),(885,'20','c2p03_lun_0002',4294967296,'6244427100e570121f27003d00000014',268),(886,'11','C2P03_lun_0001',4080218931,'6244427100e57012c1ff469e0000000b',268),(887,'10','C2P03_lun_0000',4080218931,'6244427100e57012c1ff46650000000a',268),(888,'28','c2p02_lun_0005',4294967296,'6244427100e5701276a1b6570000001c',269),(889,'27','c2p02_lun_0004',4294967296,'6244427100e5701276a1aa9e0000001b',269),(890,'9','c2p02_lun_0003',4080218931,'6244427100e57012c1ff2ac300000009',269),(891,'8','c2p02_lun_0002',4080218931,'6244427100e57012c1ff2a8400000008',269),(892,'7','c2p02_lun_0001',4080218931,'6244427100e57012c1ff2a5f00000007',269),(893,'6','c2p02_lun_0000',4080218931,'6244427100e57012c1ff2a1f00000006',269),(894,'28','c2p02_lun_0005',4294967296,'6244427100e5701276a1b6570000001c',270),(895,'27','c2p02_lun_0004',4294967296,'6244427100e5701276a1aa9e0000001b',270),(896,'9','c2p02_lun_0003',4080218931,'6244427100e57012c1ff2ac300000009',270),(897,'8','c2p02_lun_0002',4080218931,'6244427100e57012c1ff2a8400000008',270),(898,'7','c2p02_lun_0001',4080218931,'6244427100e57012c1ff2a5f00000007',270),(899,'6','c2p02_lun_0000',4080218931,'6244427100e57012c1ff2a1f00000006',270),(900,'28','c2p02_lun_0005',4294967296,'6244427100e5701276a1b6570000001c',271),(901,'27','c2p02_lun_0004',4294967296,'6244427100e5701276a1aa9e0000001b',271),(902,'9','c2p02_lun_0003',4080218931,'6244427100e57012c1ff2ac300000009',271),(903,'8','c2p02_lun_0002',4080218931,'6244427100e57012c1ff2a8400000008',271),(904,'7','c2p02_lun_0001',4080218931,'6244427100e57012c1ff2a5f00000007',271),(905,'6','c2p02_lun_0000',4080218931,'6244427100e57012c1ff2a1f00000006',271),(906,'28','c2p02_lun_0005',4294967296,'6244427100e5701276a1b6570000001c',272),(907,'27','c2p02_lun_0004',4294967296,'6244427100e5701276a1aa9e0000001b',272),(908,'9','c2p02_lun_0003',4080218931,'6244427100e57012c1ff2ac300000009',272),(909,'8','c2p02_lun_0002',4080218931,'6244427100e57012c1ff2a8400000008',272),(910,'7','c2p02_lun_0001',4080218931,'6244427100e57012c1ff2a5f00000007',272),(911,'6','c2p02_lun_0000',4080218931,'6244427100e57012c1ff2a1f00000006',272),(912,'28','c2p02_lun_0005',4294967296,'6244427100e5701276a1b6570000001c',273),(913,'27','c2p02_lun_0004',4294967296,'6244427100e5701276a1aa9e0000001b',273),(914,'9','c2p02_lun_0003',4080218931,'6244427100e57012c1ff2ac300000009',273),(915,'8','c2p02_lun_0002',4080218931,'6244427100e57012c1ff2a8400000008',273),(916,'7','c2p02_lun_0001',4080218931,'6244427100e57012c1ff2a5f00000007',273),(917,'6','c2p02_lun_0000',4080218931,'6244427100e57012c1ff2a1f00000006',273),(918,'28','c2p02_lun_0005',4294967296,'6244427100e5701276a1b6570000001c',274),(919,'27','c2p02_lun_0004',4294967296,'6244427100e5701276a1aa9e0000001b',274),(920,'9','c2p02_lun_0003',4080218931,'6244427100e57012c1ff2ac300000009',274),(921,'8','c2p02_lun_0002',4080218931,'6244427100e57012c1ff2a8400000008',274),(922,'7','c2p02_lun_0001',4080218931,'6244427100e57012c1ff2a5f00000007',274),(923,'6','c2p02_lun_0000',4080218931,'6244427100e57012c1ff2a1f00000006',274),(924,'35','c1p01_lun0005',4294967296,'6244427100e5701240d1f70900000023',275),(925,'34','c1p01_lun0004',4294967296,'6244427100e5701240d1e8e000000022',275),(926,'21','c1p01_lun0003',4294967296,'6244427100e57012257e7ae800000015',275),(927,'19','C1P01_lun0002',4294967296,'6244427100e570121f26dc8d00000013',275),(928,'13','c1p01_lun0001',4294967296,'6244427100e57012d860cbb40000000d',275),(929,'12','c1p01_lun0000',4294967296,'6244427100e57012d860cb900000000c',275),(930,'26','C2P01_lun004',4294967296,'6244427100e570127693fab90000001a',276),(931,'25','C2P01_lun003',4294967296,'6244427100e570127693ee0300000019',276),(932,'24','C2P01_lun002',4294967296,'6244427100e570124045d9c200000018',276),(933,'23','C2P01_lun001',4294967296,'6244427100e570124045cd4c00000017',276),(934,'26','C2P01_lun004',4294967296,'6244427100e570127693fab90000001a',277),(935,'25','C2P01_lun003',4294967296,'6244427100e570127693ee0300000019',277),(936,'24','C2P01_lun002',4294967296,'6244427100e570124045d9c200000018',277),(937,'23','C2P01_lun001',4294967296,'6244427100e570124045cd4c00000017',277),(938,'35','c1p01_lun0005',4294967296,'6244427100e5701240d1f70900000023',278),(939,'34','c1p01_lun0004',4294967296,'6244427100e5701240d1e8e000000022',278),(940,'21','c1p01_lun0003',4294967296,'6244427100e57012257e7ae800000015',278),(941,'19','C1P01_lun0002',4294967296,'6244427100e570121f26dc8d00000013',278),(942,'13','c1p01_lun0001',4294967296,'6244427100e57012d860cbb40000000d',278),(943,'12','c1p01_lun0000',4294967296,'6244427100e57012d860cb900000000c',278),(944,'35','c1p01_lun0005',4294967296,'6244427100e5701240d1f70900000023',279),(945,'34','c1p01_lun0004',4294967296,'6244427100e5701240d1e8e000000022',279),(946,'21','c1p01_lun0003',4294967296,'6244427100e57012257e7ae800000015',279),(947,'19','C1P01_lun0002',4294967296,'6244427100e570121f26dc8d00000013',279),(948,'13','c1p01_lun0001',4294967296,'6244427100e57012d860cbb40000000d',279),(949,'12','c1p01_lun0000',4294967296,'6244427100e57012d860cb900000000c',279),(950,'35','c1p01_lun0005',4294967296,'6244427100e5701240d1f70900000023',280),(951,'34','c1p01_lun0004',4294967296,'6244427100e5701240d1e8e000000022',280),(952,'21','c1p01_lun0003',4294967296,'6244427100e57012257e7ae800000015',280),(953,'19','C1P01_lun0002',4294967296,'6244427100e570121f26dc8d00000013',280),(954,'13','c1p01_lun0001',4294967296,'6244427100e57012d860cbb40000000d',280),(955,'12','c1p01_lun0000',4294967296,'6244427100e57012d860cb900000000c',280),(956,'35','c1p01_lun0005',4294967296,'6244427100e5701240d1f70900000023',281),(957,'34','c1p01_lun0004',4294967296,'6244427100e5701240d1e8e000000022',281),(958,'21','c1p01_lun0003',4294967296,'6244427100e57012257e7ae800000015',281),(959,'19','C1P01_lun0002',4294967296,'6244427100e570121f26dc8d00000013',281),(960,'13','c1p01_lun0001',4294967296,'6244427100e57012d860cbb40000000d',281),(961,'12','c1p01_lun0000',4294967296,'6244427100e57012d860cb900000000c',281),(962,'26','C2P01_lun004',4294967296,'6244427100e570127693fab90000001a',282),(963,'25','C2P01_lun003',4294967296,'6244427100e570127693ee0300000019',282),(964,'24','C2P01_lun002',4294967296,'6244427100e570124045d9c200000018',282),(965,'23','C2P01_lun001',4294967296,'6244427100e570124045cd4c00000017',282),(966,'26','C2P01_lun004',4294967296,'6244427100e570127693fab90000001a',283),(967,'25','C2P01_lun003',4294967296,'6244427100e570127693ee0300000019',283),(968,'24','C2P01_lun002',4294967296,'6244427100e570124045d9c200000018',283),(969,'23','C2P01_lun001',4294967296,'6244427100e570124045cd4c00000017',283),(970,'17','c1p02_HP_lun0003',4294967296,'6244427100e570120a3d666f00000011',284),(971,'16','c1p02_HP_lun0002',4294967296,'6244427100e570120a3d664c00000010',284),(972,'15','c1p02_HP_lun0001',4294967296,'6244427100e570120a3d660b0000000f',284),(973,'14','c1p02_HP_lun0000',4294967296,'6244427100e570120a3d65e80000000e',284),(974,'17','c1p02_HP_lun0003',4294967296,'6244427100e570120a3d666f00000011',285),(975,'16','c1p02_HP_lun0002',4294967296,'6244427100e570120a3d664c00000010',285),(976,'15','c1p02_HP_lun0001',4294967296,'6244427100e570120a3d660b0000000f',285),(977,'14','c1p02_HP_lun0000',4294967296,'6244427100e570120a3d65e80000000e',285),(978,'14','c1p02_HP_lun0000',4294967296,'6244427100e570120a3d65e80000000e',286),(979,'15','c1p02_HP_lun0001',4294967296,'6244427100e570120a3d660b0000000f',286),(980,'16','c1p02_HP_lun0002',4294967296,'6244427100e570120a3d664c00000010',286),(981,'17','c1p02_HP_lun0003',4294967296,'6244427100e570120a3d666f00000011',286),(982,'10','C2P03_lun_0000',4080218931,'6244427100e57012c1ff46650000000a',287),(983,'11','C2P03_lun_0001',4080218931,'6244427100e57012c1ff469e0000000b',287),(984,'20','c2p03_lun_0002',4294967296,'6244427100e570121f27003d00000014',287),(985,'22','c2p03_lun0003',4294967296,'6244427100e57012257e9a0c00000016',287),(986,'17','c1p02_HP_lun0003',4294967296,'6244427100e570120a3d666f00000011',288),(987,'16','c1p02_HP_lun0002',4294967296,'6244427100e570120a3d664c00000010',288),(988,'15','c1p02_HP_lun0001',4294967296,'6244427100e570120a3d660b0000000f',288),(989,'14','c1p02_HP_lun0000',4294967296,'6244427100e570120a3d65e80000000e',288),(990,'29','TMS_0000',4305872486,'6244427100e57012855c07c80000001d',289),(991,'30','psdfhczzfndb101_lun01',6440484864,'6244427100e57012d9e863aa0000001e',290),(992,'33','LUN001_CZZF',4293525504,'6244427100e57012b06df29300000021',291),(993,'31','PSDFHEAP0GAPP1_lun',6440484864,'6244427100e57012dc17d0ad0000001f',292),(994,'10','C2P03_lun_0000',4080218931,'6244427100e57012c1ff46650000000a',293),(995,'11','C2P03_lun_0001',4080218931,'6244427100e57012c1ff469e0000000b',293),(996,'20','c2p03_lun_0002',4294967296,'6244427100e570121f27003d00000014',293),(997,'22','c2p03_lun0003',4294967296,'6244427100e57012257e9a0c00000016',293),(998,'10','C2P03_lun_0000',4080218931,'6244427100e57012c1ff46650000000a',294),(999,'11','C2P03_lun_0001',4080218931,'6244427100e57012c1ff469e0000000b',294),(1000,'20','c2p03_lun_0002',4294967296,'6244427100e570121f27003d00000014',294),(1001,'22','c2p03_lun0003',4294967296,'6244427100e57012257e9a0c00000016',294),(1002,'10','C2P03_lun_0000',4080218931,'6244427100e57012c1ff46650000000a',295),(1003,'11','C2P03_lun_0001',4080218931,'6244427100e57012c1ff469e0000000b',295),(1004,'20','c2p03_lun_0002',4294967296,'6244427100e570121f27003d00000014',295),(1005,'22','c2p03_lun0003',4294967296,'6244427100e57012257e9a0c00000016',295),(1006,'10','C2P03_lun_0000',4080218931,'6244427100e57012c1ff46650000000a',296),(1007,'11','C2P03_lun_0001',4080218931,'6244427100e57012c1ff469e0000000b',296),(1008,'20','c2p03_lun_0002',4294967296,'6244427100e570121f27003d00000014',296),(1009,'22','c2p03_lun0003',4294967296,'6244427100e57012257e9a0c00000016',296),(1010,'14','c1p02_HP_lun0000',4294967296,'6244427100e570120a3d65e80000000e',297),(1011,'15','c1p02_HP_lun0001',4294967296,'6244427100e570120a3d660b0000000f',297),(1012,'16','c1p02_HP_lun0002',4294967296,'6244427100e570120a3d664c00000010',297),(1013,'17','c1p02_HP_lun0003',4294967296,'6244427100e570120a3d666f00000011',297),(1014,'14','c1p02_HP_lun0000',4294967296,'6244427100e570120a3d65e80000000e',298),(1015,'15','c1p02_HP_lun0001',4294967296,'6244427100e570120a3d660b0000000f',298),(1016,'16','c1p02_HP_lun0002',4294967296,'6244427100e570120a3d664c00000010',298),(1017,'17','c1p02_HP_lun0003',4294967296,'6244427100e570120a3d666f00000011',298),(1018,'14','c1p02_HP_lun0000',4294967296,'6244427100e570120a3d65e80000000e',299),(1019,'15','c1p02_HP_lun0001',4294967296,'6244427100e570120a3d660b0000000f',299),(1020,'16','c1p02_HP_lun0002',4294967296,'6244427100e570120a3d664c00000010',299),(1021,'17','c1p02_HP_lun0003',4294967296,'6244427100e570120a3d666f00000011',299),(1022,'14','c1p02_HP_lun0000',4294967296,'6244427100e570120a3d65e80000000e',300),(1023,'15','c1p02_HP_lun0001',4294967296,'6244427100e570120a3d660b0000000f',300),(1024,'16','c1p02_HP_lun0002',4294967296,'6244427100e570120a3d664c00000010',300),(1025,'17','c1p02_HP_lun0003',4294967296,'6244427100e570120a3d666f00000011',300),(1026,'5','esx_s1p03_lun',3221225472,'6244427100e57012953f7d0100000005',301),(1027,'32','DSM_LUN001',5241176064,'6244427100e5701230e92e6400000020',302),(1028,'15','eap4_lun_0001',12670153523,'6845b121003e102788c7c29b0000000f',303),(1029,'11','eap4_lun_0000',12670153523,'6845b121003e102788c7c2230000000b',303),(1030,'10','eap3_lun_0003',6442450944,'6845b121003e102788c4b0270000000a',303),(1031,'9','eap3_lun_0002',12884901888,'6845b121003e102788c49f2a00000009',303),(1032,'8','eap3_lun_0001',12884901888,'6845b121003e102788c48f0800000008',303),(1033,'0','eap3_lun_0000',6442450944,'6845b121003e102788c47d0500000000',303),(1034,'21','eap2_lun_009',5583457488,'6845b121003e10276c2e713c00000015',303),(1035,'14','eap2_lun_0007',6442450944,'6845b121003e10276c2e46120000000e',303),(1036,'13','eap2_lun_0006',6442450944,'6845b121003e10276c2e455c0000000d',303),(1037,'12','eap2_lun_0005',6442450944,'6845b121003e10276c2e449f0000000c',303),(1038,'7','eap2_lun_0000',6442450944,'6845b121003e10276c2e429d00000007',303),(1039,'6','eap_lun_0006',6442450944,'6845b121003e10276c2e1c3c00000006',303),(1040,'5','eap_lun_0005',6442450944,'6845b121003e10276c2e1b8800000005',303),(1041,'4','eap_lun_0004',6442450944,'6845b121003e10276c2e1b3a00000004',303),(1042,'3','eap_lun_0003',6442450944,'6845b121003e10276c2e1aeb00000003',303),(1043,'2','eap_lun_0002',6442450944,'6845b121003e10276c2e1a9900000002',303),(1044,'1','eap_lun_0001',6442450944,'6845b121003e10276c2e19e800000001',303),(1045,'15','eap4_lun_0001',12670153523,'6845b121003e102788c7c29b0000000f',304),(1046,'11','eap4_lun_0000',12670153523,'6845b121003e102788c7c2230000000b',304),(1047,'10','eap3_lun_0003',6442450944,'6845b121003e102788c4b0270000000a',304),(1048,'9','eap3_lun_0002',12884901888,'6845b121003e102788c49f2a00000009',304),(1049,'8','eap3_lun_0001',12884901888,'6845b121003e102788c48f0800000008',304),(1050,'0','eap3_lun_0000',6442450944,'6845b121003e102788c47d0500000000',304),(1051,'21','eap2_lun_009',5583457488,'6845b121003e10276c2e713c00000015',304),(1052,'14','eap2_lun_0007',6442450944,'6845b121003e10276c2e46120000000e',304),(1053,'13','eap2_lun_0006',6442450944,'6845b121003e10276c2e455c0000000d',304),(1054,'12','eap2_lun_0005',6442450944,'6845b121003e10276c2e449f0000000c',304),(1055,'7','eap2_lun_0000',6442450944,'6845b121003e10276c2e429d00000007',304),(1056,'6','eap_lun_0006',6442450944,'6845b121003e10276c2e1c3c00000006',304),(1057,'5','eap_lun_0005',6442450944,'6845b121003e10276c2e1b8800000005',304),(1058,'4','eap_lun_0004',6442450944,'6845b121003e10276c2e1b3a00000004',304),(1059,'3','eap_lun_0003',6442450944,'6845b121003e10276c2e1aeb00000003',304),(1060,'2','eap_lun_0002',6442450944,'6845b121003e10276c2e1a9900000002',304),(1061,'1','eap_lun_0001',6442450944,'6845b121003e10276c2e19e800000001',304),(1062,'19','LUN02_cbrs01',2146566144,'6845b121003e10276c11804700000013',305),(1063,'16','LUN01_cbrs01',9644146688,'6845b121003e10273b2d132b00000010',305),(1064,'34','LUN04_cbrs02',2105278464,'6845b121003e1027b3316be600000022',306),(1065,'23','LUN05_cbrs02',4294967296,'6845b121003e102785ce698a00000017',306),(1066,'22','LUN03_cbrs02',6440484864,'6845b121003e10279928785800000016',306),(1067,'20','LUN02_cbrs02',2146566144,'6845b121003e10276c11a8d300000014',306),(1068,'17','LUN01_cbrs02',5241176064,'6845b121003e10273b2d1f6300000011',306),(1069,'18','cosp_lun',4293525504,'6845b121003e1027483b237100000012',307),(1070,'24','psdfheap0gdb01',1256194048,'6845b121003e10274d89304100000018',308),(1071,'31','KJPZDB2',2145386496,'6845b121003e102757a43fde0000001f',310),(1072,'26','KJPZDB',4293525504,'6845b121003e10274d89e6260000001a',310),(1073,'29','CM2',1258291200,'6845b121003e102754a7fbaa0000001d',311),(1074,'27','CM1',2097152000,'6845b121003e102754a7e66d0000001b',311),(1075,'30','biom2',2300575744,'6845b121003e102754de3a8e0000001e',312),(1076,'28','biom1',4613734400,'6845b121003e102754ddcfe10000001c',312),(1077,'33','TMS_000',4293525504,'6845b121003e10275c43d61e00000021',313),(1078,'25','lun_tms_old',3354263552,'6845b121003e1027a769225b00000019',314),(1079,'32','PSDFHEAP0GAPP2',6440484864,'6845b121003e1027b32c1de100000020',315),(1080,'36','psdfhappfastd02_2',1257635840,'6845b121003e102788caf26e00000024',316),(1081,'35','psdfhappfastd02_1',3505258496,'6845b121003e102788cae85700000023',316),(1082,'19','LUN_POOL_02_006',1193279488,'6845b121003e10112ecd194c00000013',317),(1083,'18','LUN_POOL_01_012',1044381696,'6845b121003e10112eccfe1d00000012',317),(1084,'16','LUN_POOL_03_001',8589934592,'6845b121003e10112ecc94eb00000010',317),(1085,'15','LUN_POOL_02_005',8589934592,'6845b121003e10112ecc771b0000000f',317),(1086,'14','LUN_POOL_02_004',8589934592,'6845b121003e10112ecc76d10000000e',317),(1087,'13','LUN_POOL_02_003',8589934592,'6845b121003e10112ecc76830000000d',317),(1088,'12','LUN_POOL_02_002',8589934592,'6845b121003e10112ecc763a0000000c',317),(1089,'11','LUN_POOL_02_001',8589934592,'6845b121003e10112ecc75f40000000b',317),(1090,'10','LUN_POOL_01_011',8375186232,'6845b121003e10112ecbff510000000a',317),(1091,'9','LUN_POOL_01_010',8375186232,'6845b121003e10112ecbff0500000009',317),(1092,'8','LUN_POOL_01_009',8375186232,'6845b121003e10112ecbfebb00000008',317),(1093,'7','LUN_POOL_01_008',8375186232,'6845b121003e10112ecbfe6f00000007',317),(1094,'6','LUN_POOL_01_007',8375186232,'6845b121003e10112ecbfe2500000006',317),(1095,'5','LUN_POOL_01_006',8375186232,'6845b121003e10112ecbfddd00000005',317),(1096,'4','LUN_POOL_01_005',8375186232,'6845b121003e10112ecbfda800000004',317),(1097,'3','LUN_POOL_01_004',8375186232,'6845b121003e10112ecbfd6300000003',317),(1098,'2','LUN_POOL_01_003',8375186232,'6845b121003e10112ecbfd2a00000002',317),(1099,'1','LUN_POOL_01_002',8375186232,'6845b121003e10112ecbfce800000001',317),(1100,'0','LUN_POOL_01_001',8375186232,'6845b121003e10112ecbfcb100000000',317),(1101,'20','vmware_0001',4294967296,'6845b121003e1011524557dd00000014',318),(1102,'17','vmware_0000',4294967296,'6845b121003e10115245578400000011',318),(1103,'20','vmware_0001',4294967296,'6845b121003e1011524557dd00000014',319),(1104,'17','vmware_0000',4294967296,'6845b121003e10115245578400000011',319),(1105,'20','vmware_0001',4294967296,'6845b121003e1011524557dd00000014',320),(1106,'17','vmware_0000',4294967296,'6845b121003e10115245578400000011',320);

/*Table structure for table `myapp_server` */

DROP TABLE IF EXISTS `myapp_server`;

CREATE TABLE `myapp_server` (
  `id` int(11) NOT NULL AUTO_INCREMENT,
  `server_ID` int(11) NOT NULL,
  `server_name` varchar(50) NOT NULL,
  `server_IP` varchar(20) NOT NULL,
  `array_id_id` int(11) NOT NULL,
  `server_wwn` varchar(100) NOT NULL,
  PRIMARY KEY (`id`),
  KEY `myApp_server_array_id_id_b50083dd_fk_myApp_array_id` (`array_id_id`),
  CONSTRAINT `myApp_server_array_id_id_b50083dd_fk_myApp_array_id` FOREIGN KEY (`array_id_id`) REFERENCES `myapp_array` (`id`)
) ENGINE=InnoDB AUTO_INCREMENT=321 DEFAULT CHARSET=utf8;

/*Data for the table `myapp_server` */

insert  into `myapp_server`(`id`,`server_ID`,`server_name`,`server_IP`,`array_id_id`,`server_wwn`) values (164,0,'BCMS','93.0.81.47',14,'[u\'100000109b2612ac\', u\'100000109b2613b4\']'),(165,1,'DSM_DB2','',14,'[u\'10000090fac610e2\', u\'10000090fac616e4\']'),(166,2,'PCM','93.0.81.48',14,'[u\'100000109b2622f4\', u\'100000109b2625c4\']'),(167,3,'PTAS','93.0.81.49',14,'[u\'100000109b261394\', u\'100000109b261dc6\']'),(168,4,'psdfhdlgjjdb001','93.0.81.3',14,'[u\'100000109b1847c4\', u\'100000109b1847d6\']'),(169,5,'psdfhappfastd01','93.0.81.45',14,'[u\'100000109b1847b6\', u\'100000109b1847c6\']'),(170,0,'BIFS_STB','93.0.65.77',15,'[u\'21000024ff75d760\', u\'21000024ff75d8c3\']'),(171,1,'ESX0107','93.0.227.13',15,'[u\'21000024ff75d66d\', u\'21000024ff75dd05\']'),(172,2,'ESX0303','93.2.19.5',15,'[]'),(173,3,'ESX0306','93.2.19.11',15,'[u\'100000109b1847c2\', u\'100000109b1865d6\']'),(174,4,'ESX0304','93.2.19.7',15,'[u\'10000000c9ebfa8f\', u\'10000000c9ebfab0\']'),(175,5,'ESX0305','93.2.19.9',15,'[u\'100000109b26139c\', u\'100000109b2613b6\']'),(176,6,'ESX0112','',15,'[u\'10000090fa2a9400\', u\'10000090fa2a957e\']'),(177,7,'ESX0113','',15,'[u\'10000090fa55a1f0\', u\'10000090fa55a53f\']'),(178,8,'ESX0115','',15,'[u\'10000090fa4899f3\', u\'10000090fa48c43e\']'),(179,9,'ESX0209','',15,'[u\'10000090fa553c96\', u\'10000090fa55a300\']'),(180,10,'ESX0116','',15,'[u\'10000090fa55a2fc\', u\'10000090fab13cf9\']'),(181,11,'ESX0111','',15,'[u\'10000090fa2b57ff\', u\'10000090fa2c24cd\']'),(182,12,'ESX0110','',15,'[u\'10000090fa1d15c3\', u\'10000090fa1d1d04\']'),(183,13,'ESX0109','',15,'[u\'10000000c9c93e67\', u\'10000000c9c97f1c\']'),(184,14,'ESX0108','',15,'[u\'10000000c9c976cb\', u\'10000000c9c97840\']'),(185,15,'ESX0102','',15,'[u\'10000090fa2a9520\', u\'10000090fa2a9554\']'),(186,16,'ESX0101','',15,'[u\'10000090fa2a640a\', u\'10000090fa2a94c1\']'),(187,17,'ESX0206','93.0.243.11',15,'[u\'21000024ff75d593\', u\'21000024ff75da6d\']'),(188,18,'ESX0105','93.0.227.37',15,'[u\'21000024ff75d81f\', u\'21000024ff75d843\']'),(189,19,'ESX0106','93.0.227.39',15,'[u\'21000024ff75d78f\', u\'21000024ff75d7cd\']'),(190,20,'ESX0211','',15,'[u\'10000090fa9f8139\', u\'10000090fa9f94d1\']'),(191,21,'ESX0212','',15,'[u\'10000090fa9f80f3\', u\'10000090fa9f9b17\']'),(192,22,'ESX0213','',15,'[u\'21000024ff75d7d7\', u\'21000024ff75dc3f\']'),(193,23,'ESX0214','',15,'[u\'21000024ff75d577\', u\'21000024ff75d8bd\']'),(194,24,'ESX0103','',15,'[u\'21000024ff75d759\', u\'21000024ff75d78b\']'),(195,25,'ESX0104','',15,'[u\'21000024ff75d79b\', u\'21000024ff75dc21\']'),(196,26,'ESX0202','93.0.243.19',15,'[u\'10000090fa2a958d\', u\'10000090fa2a95cf\']'),(197,27,'ESX0203','93.0.243.21',15,'[u\'21000024ff18e574\', u\'21000024ff18e5c6\']'),(198,28,'ESX0208','93.0.243.15',15,'[u\'21000024ff18e5c2\', u\'21000024ff18e5d2\']'),(199,29,'ESX0114','',15,'[u\'21000024ff18e5ce\', u\'21000024ff18e616\']'),(200,30,'ESX0210','93.0.243.23',15,'[u\'10000090fa2a64d3\', u\'10000090fa2a95ab\']'),(201,31,'ESX0207','',15,'[u\'10000090fac61186\', u\'10000090fac61409\', u\'21000024ff17d3fc\', u\'21000024ff17d406\']'),(202,32,'ESX0201','',15,'[u\'21000024ff17d394\', u\'21000024ff17d396\', u\'21000024ff17d460\', u\'21000024ff17d462\']'),(203,33,'ESX0204','',15,'[u\'21000024ff18e5d4\', u\'21000024ff18e5dc\']'),(204,34,'ESX0205','',15,'[u\'21000024ff10e5e8\', u\'21000024ff10e63f\', u\'21000024ff18e5c4\', u\'21000024ff18e62a\']'),(205,35,'ESX0117','',15,'[u\'21000024ff191982\', u\'21000024ff1919a8\']'),(206,36,'ESX0118','',15,'[u\'21000024ff18e606\', u\'21000024ff18e69a\']'),(207,37,'ESX0119','',15,'[u\'21000024ff18e55e\', u\'21000024ff18e5cc\']'),(208,38,'ESX0120','',15,'[u\'21000024ff18e5ae\', u\'21000024ff1922fe\']'),(209,39,'psdfhcbrsdbs002','93.0.209.44',15,'[u\'21000024ff75d7d2\', u\'21000024ff75d809\']'),(210,40,'psdfhcbrsdbs001','93.0.209.43',15,'[u\'21000024ff75d711\', u\'21000024ff75d7ea\']'),(211,41,'ESX0301','',15,'[u\'100000109b1847d0\', u\'100000109b261384\']'),(212,42,'psdfhudsdbss001','93.0.33.90',15,'[u\'21000024ff17d266\', u\'21000024ff17d267\', u\'21000024ff17d475\', u\'21000024ff17d476\']'),(213,0,'psdfhcospdb01','93.0.193.20',16,'[u\'21000024ff75d760\', u\'21000024ff75d8c3\']'),(214,1,'ESX0107','93.0.227.13',16,'[u\'21000024ff75d66d\', u\'21000024ff75dd05\']'),(215,2,'ESX0303','93.2.19.5',16,'[]'),(216,3,'ESX0306','93.2.19.11',16,'[u\'100000109b1847c2\', u\'100000109b1865d6\']'),(217,4,'ESX0304','93.2.19.7',16,'[u\'10000000c9ebfa8f\', u\'10000000c9ebfab0\']'),(218,5,'ESX0305','93.2.19.9',16,'[u\'100000109b26139c\', u\'100000109b2613b6\']'),(219,6,'ESX0112','',16,'[u\'10000090fa2a9400\', u\'10000090fa2a957e\']'),(220,7,'ESX0113','',16,'[u\'10000090fa55a1f0\', u\'10000090fa55a53f\']'),(221,8,'ESX0115','',16,'[u\'10000090fa4899f3\', u\'10000090fa48c43e\']'),(222,9,'ESX0209','',16,'[u\'10000090fa553c96\', u\'10000090fa55a300\']'),(223,10,'ESX0116','',16,'[u\'10000090fa55a2fc\', u\'10000090fab13cf9\']'),(224,11,'ESX0111','',16,'[u\'10000090fa2b57ff\', u\'10000090fa2c24cd\']'),(225,12,'ESX0110','',16,'[u\'10000090fa1d15c3\', u\'10000090fa1d1d04\']'),(226,13,'ESX0109','',16,'[u\'10000000c9c93e67\', u\'10000000c9c97f1c\']'),(227,14,'ESX0108','',16,'[u\'10000000c9c976cb\', u\'10000000c9c97840\']'),(228,15,'ESX0102','',16,'[u\'10000090fa2a9520\', u\'10000090fa2a9554\']'),(229,16,'ESX0101','',16,'[u\'10000090fa2a640a\', u\'10000090fa2a94c1\']'),(230,17,'ESX0206','93.0.243.11',16,'[u\'21000024ff75d593\', u\'21000024ff75da6d\']'),(231,18,'ESX0105','93.0.227.37',16,'[u\'21000024ff75d81f\', u\'21000024ff75d843\']'),(232,19,'ESX0106','93.0.227.39',16,'[u\'21000024ff75d78f\', u\'21000024ff75d7cd\']'),(233,20,'ESX0211','',16,'[u\'10000090fa9f8139\', u\'10000090fa9f94d1\']'),(234,21,'ESX0212','',16,'[u\'10000090fa9f80f3\', u\'10000090fa9f9b17\']'),(235,22,'ESX0213','',16,'[u\'21000024ff75d7d7\', u\'21000024ff75dc3f\']'),(236,23,'ESX0214','',16,'[u\'21000024ff75d577\', u\'21000024ff75d8bd\']'),(237,24,'ESX0103','',16,'[u\'21000024ff75d759\', u\'21000024ff75d78b\']'),(238,25,'ESX0104','',16,'[u\'21000024ff75d79b\', u\'21000024ff75dc21\']'),(239,26,'ESX0202','93.0.243.19',16,'[u\'10000090fa2a958d\', u\'10000090fa2a95cf\']'),(240,27,'ESX0203','93.0.243.21',16,'[u\'21000024ff18e574\', u\'21000024ff18e5c6\']'),(241,28,'ESX0208','93.0.243.15',16,'[u\'21000024ff18e5c2\', u\'21000024ff18e5d2\']'),(242,29,'ESX0114','',16,'[u\'21000024ff18e5ce\', u\'21000024ff18e616\']'),(243,30,'ESX0210','93.0.243.23',16,'[u\'10000090fa2a64d3\', u\'10000090fa2a95ab\']'),(244,31,'TMS_PRI','',16,'[u\'10000090fac61186\', u\'10000090fac61409\']'),(245,32,'psdfhczzfndb101','',16,'[u\'21000024ff17d394\', u\'21000024ff17d396\']'),(246,33,'czzf','',16,'[u\'10000090fa48c27e\', u\'10000090fa48c652\']'),(247,34,'PSDFHEAP0GAPP1','93.0.161.23',16,'[u\'10000000c9b07ce5\', u\'10000000c9b07f37\', u\'21000024ff10e5e8\', u\'21000024ff10e63f\']'),(248,35,'ESX0117','',16,'[u\'21000024ff191982\', u\'21000024ff1919a8\']'),(249,36,'ESX0118','',16,'[u\'21000024ff18e606\', u\'21000024ff18e69a\']'),(250,37,'ESX0119','',16,'[u\'21000024ff18e55e\', u\'21000024ff18e5cc\']'),(251,38,'ESX0120','',16,'[u\'21000024ff18e5ae\', u\'21000024ff1922fe\']'),(252,39,'ESX0207','',16,'[u\'21000024ff17d3fc\', u\'21000024ff17d406\']'),(253,40,'ESX0201','',16,'[u\'21000024ff17d460\', u\'21000024ff17d462\']'),(254,41,'ESX0204','',16,'[u\'21000024ff18e5d4\', u\'21000024ff18e5dc\']'),(255,42,'ESX0205','',16,'[u\'21000024ff18e5c4\', u\'21000024ff18e62a\']'),(256,43,'ESX0301','',16,'[u\'100000109b1847d0\', u\'100000109b261384\']'),(257,44,'DSM_DB1','',16,'[u\'10000090fac60cbd\', u\'10000090fac61036\']'),(258,0,'psdfhcospdb01','93.0.193.20',17,'[u\'21000024ff75d760\', u\'21000024ff75d8c3\']'),(259,1,'ESX0107','93.0.227.13',17,'[u\'21000024ff75d66d\', u\'21000024ff75dd05\']'),(260,2,'ESX0303','93.2.19.5',17,'[]'),(261,3,'ESX0306','93.2.19.11',17,'[u\'100000109b1847c2\', u\'100000109b1865d6\']'),(262,4,'ESX0304','93.2.19.7',17,'[u\'10000000c9ebfa8f\', u\'10000000c9ebfab0\']'),(263,5,'ESX0305','93.2.19.9',17,'[u\'100000109b26139c\', u\'100000109b2613b6\']'),(264,6,'ESX0112','',17,'[u\'10000090fa2a9400\', u\'10000090fa2a957e\']'),(265,7,'ESX0113','',17,'[u\'10000090fa55a1f0\', u\'10000090fa55a53f\']'),(266,8,'ESX0115','',17,'[u\'10000090fa4899f3\', u\'10000090fa48c43e\']'),(267,9,'ESX0209','',17,'[u\'10000090fa553c96\', u\'10000090fa55a300\']'),(268,10,'ESX0116','',17,'[u\'10000090fa55a2fc\', u\'10000090fab13cf9\']'),(269,11,'ESX0111','',17,'[u\'10000090fa2b57ff\', u\'10000090fa2c24cd\']'),(270,12,'ESX0110','',17,'[u\'10000090fa1d15c3\', u\'10000090fa1d1d04\']'),(271,13,'ESX0109','',17,'[u\'10000000c9c93e67\', u\'10000000c9c97f1c\']'),(272,14,'ESX0108','',17,'[u\'10000000c9c976cb\', u\'10000000c9c97840\']'),(273,15,'ESX0102','',17,'[u\'10000090fa2a9520\', u\'10000090fa2a9554\']'),(274,16,'ESX0101','',17,'[u\'10000090fa2a640a\', u\'10000090fa2a94c1\']'),(275,17,'ESX0206','93.0.243.11',17,'[u\'21000024ff75d593\', u\'21000024ff75da6d\']'),(276,18,'ESX0105','93.0.227.37',17,'[u\'21000024ff75d81f\', u\'21000024ff75d843\']'),(277,19,'ESX0106','93.0.227.39',17,'[u\'21000024ff75d78f\', u\'21000024ff75d7cd\']'),(278,20,'ESX0211','',17,'[u\'10000090fa9f8139\', u\'10000090fa9f94d1\']'),(279,21,'ESX0212','',17,'[u\'10000090fa9f80f3\', u\'10000090fa9f9b17\']'),(280,22,'ESX0213','',17,'[u\'21000024ff75d7d7\', u\'21000024ff75dc3f\']'),(281,23,'ESX0214','',17,'[u\'21000024ff75d577\', u\'21000024ff75d8bd\']'),(282,24,'ESX0103','',17,'[u\'21000024ff75d759\', u\'21000024ff75d78b\']'),(283,25,'ESX0104','',17,'[u\'21000024ff75d79b\', u\'21000024ff75dc21\']'),(284,26,'ESX0202','93.0.243.19',17,'[u\'10000090fa2a958d\', u\'10000090fa2a95cf\']'),(285,27,'ESX0203','93.0.243.21',17,'[u\'21000024ff18e574\', u\'21000024ff18e5c6\']'),(286,28,'ESX0208','93.0.243.15',17,'[u\'21000024ff18e5c2\', u\'21000024ff18e5d2\']'),(287,29,'ESX0114','',17,'[u\'21000024ff18e5ce\', u\'21000024ff18e616\']'),(288,30,'ESX0210','93.0.243.23',17,'[u\'10000090fa2a64d3\', u\'10000090fa2a95ab\']'),(289,31,'TMS_PRI','',17,'[u\'10000090fac61186\', u\'10000090fac61409\']'),(290,32,'psdfhczzfndb101','',17,'[u\'21000024ff17d394\', u\'21000024ff17d396\']'),(291,33,'czzf','',17,'[u\'10000090fa48c27e\', u\'10000090fa48c652\']'),(292,34,'PSDFHEAP0GAPP1','93.0.161.23',17,'[u\'10000000c9b07ce5\', u\'10000000c9b07f37\', u\'21000024ff10e5e8\', u\'21000024ff10e63f\']'),(293,35,'ESX0117','',17,'[u\'21000024ff191982\', u\'21000024ff1919a8\']'),(294,36,'ESX0118','',17,'[u\'21000024ff18e606\', u\'21000024ff18e69a\']'),(295,37,'ESX0119','',17,'[u\'21000024ff18e55e\', u\'21000024ff18e5cc\']'),(296,38,'ESX0120','',17,'[u\'21000024ff18e5ae\', u\'21000024ff1922fe\']'),(297,39,'ESX0207','',17,'[u\'21000024ff17d3fc\', u\'21000024ff17d406\']'),(298,40,'ESX0201','',17,'[u\'21000024ff17d460\', u\'21000024ff17d462\']'),(299,41,'ESX0204','',17,'[u\'21000024ff18e5d4\', u\'21000024ff18e5dc\']'),(300,42,'ESX0205','',17,'[u\'21000024ff18e5c4\', u\'21000024ff18e62a\']'),(301,43,'ESX0301','',17,'[u\'100000109b1847d0\', u\'100000109b261384\']'),(302,44,'DSM_DB1','',17,'[u\'10000090fac60cbd\', u\'10000090fac61036\']'),(303,0,'eap','93.0.161.28',18,'[u\'10000090fa55a314\', u\'10000090faa43127\']'),(304,1,'eap_bak','',18,'[u\'10000090fac991cd\', u\'10000090fac9ef72\']'),(305,2,'psdfhcbrsdbs001','93.0.209.43',18,'[u\'21000024ff75d711\', u\'21000024ff75d7ea\']'),(306,3,'psdfhcbrsdbs002','93.0.209.44',18,'[u\'21000024ff75d7d2\', u\'21000024ff75d809\']'),(307,4,'psdfhcospdb03','93.0.192.22',18,'[u\'21000024ff75d7cf\', u\'21000024ff75da7b\']'),(308,5,'psdfheap0gdb01','93.0.161.26',18,'[u\'10000000c9cd403c\', u\'10000000c9cd403d\', u\'10000000c9d2427c\', u\'10000000c9d2427d\']'),(309,6,'psdfhczgkzf','93.0.81.22',18,'[u\'10000090fa48c27e\', u\'10000090fa48c652\']'),(310,7,'KJPZDB','93.0.161.20',18,'[u\'10000000c9d24d52\', u\'10000000c9d24d53\', u\'10000000c9d25066\', u\'10000000c9d25067\']'),(311,8,'CM','93.0.161.3',18,'[u\'10000090fa148748\', u\'10000090fa148749\', u\'10000090fa1489d8\', u\'10000090fa1489d9\']'),(312,9,'BIOM_STB','93.0.161.27',18,'[u\'21000024ff1077dc\', u\'21000024ff1077f6\']'),(313,10,'TMS_BAK','',18,'[u\'10000090fac61324\', u\'10000090fac616da\']'),(314,11,'tms_old','93.0.14.123',18,'[u\'10000090fa1d17c9\', u\'10000090fa1d1d21\']'),(315,12,'PSDFHEAP0GAPP2','93.0.161.24',18,'[u\'10000000c9c93e6c\', u\'10000000c9c93f82\', u\'21000024ff10e64a\', u\'21000024ff10e64e\']'),(316,13,'psdfhappfastd02','93.0.81.46',18,'[u\'100000109b1847b8\', u\'100000109b1847b9\', u\'100000109b1865de\', u\'100000109b1865df\']'),(317,0,'CM','',19,'[u\'10000090fa74aa45\', u\'10000090fa74aafb\']'),(318,1,'ESX0401','',19,'[u\'10000090fa2a9414\', u\'10000090fa2a95c5\']'),(319,2,'ESX0403','',19,'[u\'10000090fa2a61f2\', u\'10000090fa2a950e\']'),(320,3,'ESX0405','',19,'[u\'10000090fa2a6257\', u\'10000090fa2a62fa\']');

/*!40101 SET SQL_MODE=@OLD_SQL_MODE */;
/*!40014 SET FOREIGN_KEY_CHECKS=@OLD_FOREIGN_KEY_CHECKS */;
/*!40014 SET UNIQUE_CHECKS=@OLD_UNIQUE_CHECKS */;
/*!40111 SET SQL_NOTES=@OLD_SQL_NOTES */;
